{"cameraMode":{"drawMode":0,"name":"Shaded","section":"Shading Mode"},"sceneLighting":false,"audioPlay":false,"sceneViewState":{"m_AlwaysRefresh":false,"showFog":true,"showSkybox":false,"showFlares":true,"showImageEffects":true,"showParticleSystems":true,"showVisualEffectGraphs":true,"m_FxEnabled":true},"in2DMode":false,"pivot":{"x":295.5343017578125,"y":126.33050537109375,"z":63.85225296020508},"rotation":{"x":0.15249712765216828,"y":0.10061676055192948,"z":-0.015607276931405068,"w":0.9830464124679565},"size":463.6903991699219,"orthographic":false}