{"cameraMode":{"drawMode":0,"name":"Shaded","section":"Shading Mode"},"sceneLighting":false,"audioPlay":false,"sceneViewState":{"m_AlwaysRefresh":false,"showFog":true,"showSkybox":false,"showFlares":true,"showImageEffects":true,"showParticleSystems":true,"showVisualEffectGraphs":true,"m_FxEnabled":true},"in2DMode":false,"pivot":{"x":-0.037514686584472659,"y":1.3241822719573975,"z":-31.139066696166993},"rotation":{"x":0.007204833440482616,"y":-0.8922713398933411,"z":0.01441473700106144,"w":0.45126765966415408},"size":1.5033366680145264,"orthographic":false}