{"cameraMode":{"drawMode":0,"name":"Shaded","section":"Shading Mode"},"sceneLighting":false,"audioPlay":false,"sceneViewState":{"m_AlwaysRefresh":false,"showFog":true,"showSkybox":false,"showFlares":true,"showImageEffects":true,"showParticleSystems":true,"showVisualEffectGraphs":true,"m_FxEnabled":true},"in2DMode":false,"pivot":{"x":0.01615530252456665,"y":-0.16235002875328065,"z":0.015029728412628174},"rotation":{"x":-0.05015178024768829,"y":0.870368480682373,"z":-0.09067860245704651,"w":-0.48137691617012026},"size":1.5307706594467164,"orthographic":false}